{
  "state": {
    "isStdOutTTY": false,
    "isStdErrTTY": false,
    "testRunDurationMs": 35022.321989
  },
  "metrics": {
    "http_req_tls_handshaking": {
      "type": "trend",
      "contains": "time",
      "values": {
        "min": 0,
        "med": 0,
        "max": 0,
        "p(90)": 0,
        "p(95)": 0,
        "avg": 0
      }
    },
    "http_req_waiting": {
      "type": "trend",
      "contains": "time",
      "values": {
        "min": 1.423333,
        "med": 4.575625,
        "max": 238.022875,
        "p(90)": 9.8454168,
        "p(95)": 12.478354499999995,
        "avg": 8.213297908045979
      }
    },
    "http_req_duration{endpoint:auth_login}": {
      "contains": "time",
      "values": {
        "avg": 14.406067448275865,
        "min": 1.970791,
        "med": 4.606125,
        "max": 250.470833,
        "p(90)": 10.135025,
        "p(95)": 18.054924999999987
      },
      "thresholds": {
        "p(95)<2000": {
          "ok": true
        }
      },
      "type": "trend"
    },
    "http_req_blocked": {
      "type": "trend",
      "contains": "time",
      "values": {
        "med": 0.0185,
        "max": 10.98675,
        "p(90)": 0.07536720000000001,
        "p(95)": 0.23502079999999925,
        "avg": 0.19448655172413792,
        "min": 0.00525
      }
    },
    "http_req_duration{expected_response:true}": {
      "type": "trend",
      "contains": "time",
      "values": {
        "max": 250.470833,
        "p(90)": 10.5008332,
        "p(95)": 12.982521299999995,
        "avg": 8.72040808045977,
        "min": 1.542667,
        "med": 4.791917
      }
    },
    "data_received": {
      "type": "counter",
      "contains": "data",
      "values": {
        "count": 36047,
        "rate": 1029.257854785352
      }
    },
    "data_sent": {
      "type": "counter",
      "contains": "data",
      "values": {
        "count": 11861,
        "rate": 338.669720520683
      }
    },
    "http_req_duration": {
      "values": {
        "p(95)": 12.982521299999995,
        "avg": 8.72040808045977,
        "min": 1.542667,
        "med": 4.791917,
        "max": 250.470833,
        "p(90)": 10.5008332
      },
      "thresholds": {
        "p(95)<1500": {
          "ok": true
        },
        "avg<800": {
          "ok": true
        }
      },
      "type": "trend",
      "contains": "time"
    },
    "http_req_duration{endpoint:health}": {
      "contains": "time",
      "values": {
        "max": 15.576709,
        "p(90)": 11.9456668,
        "p(95)": 14.394758999999997,
        "avg": 6.2490173448275845,
        "min": 1.588792,
        "med": 5.499917
      },
      "thresholds": {
        "p(95)<500": {
          "ok": true
        }
      },
      "type": "trend"
    },
    "http_req_duration{endpoint:users}": {
      "type": "trend",
      "contains": "time",
      "values": {
        "med": 4.227292,
        "max": 11.649875,
        "p(90)": 9.8795078,
        "p(95)": 10.33765,
        "avg": 5.506139448275861,
        "min": 1.542667
      },
      "thresholds": {
        "p(95)<1500": {
          "ok": true
        }
      }
    },
    "http_reqs": {
      "type": "counter",
      "contains": "default",
      "values": {
        "count": 87,
        "rate": 2.484129979369313
      }
    },
    "vus_max": {
      "type": "gauge",
      "contains": "default",
      "values": {
        "value": 2,
        "min": 2,
        "max": 2
      }
    },
    "iterations": {
      "contains": "default",
      "values": {
        "count": 29,
        "rate": 0.8280433264564376
      },
      "type": "counter"
    },
    "http_req_connecting": {
      "type": "trend",
      "contains": "time",
      "values": {
        "p(95)": 0,
        "avg": 0.1385727816091954,
        "min": 0,
        "med": 0,
        "max": 10.542416,
        "p(90)": 0
      }
    },
    "http_req_sending": {
      "type": "trend",
      "contains": "time",
      "values": {
        "avg": 0.25295303448275863,
        "min": 0.016333,
        "med": 0.057167,
        "max": 11.925458,
        "p(90)": 0.1873336,
        "p(95)": 0.3146955999999999
      }
    },
    "vus": {
      "type": "gauge",
      "contains": "default",
      "values": {
        "max": 2,
        "value": 1,
        "min": 1
      }
    },
    "iteration_duration": {
      "type": "trend",
      "contains": "time",
      "values": {
        "p(90)": 2042.1084678,
        "p(95)": 2044.7757346,
        "avg": 2047.878999517241,
        "min": 2014.390626,
        "med": 2026.598959,
        "max": 2602.816209
      }
    },
    "http_req_receiving": {
      "type": "trend",
      "contains": "time",
      "values": {
        "avg": 0.25415713793103456,
        "min": 0.064,
        "med": 0.151625,
        "max": 2.957333,
        "p(90)": 0.4372752000000001,
        "p(95)": 0.6865374999999997
      }
    },
    "http_req_failed": {
      "type": "rate",
      "contains": "default",
      "values": {
        "rate": 0,
        "passes": 0,
        "fails": 87
      },
      "thresholds": {
        "rate<0.005": {
          "ok": true
        }
      }
    },
    "checks": {
      "values": {
        "rate": 1,
        "passes": 203,
        "fails": 0
      },
      "thresholds": {
        "rate>0.99": {
          "ok": true
        }
      },
      "type": "rate",
      "contains": "default"
    }
  },
  "root_group": {
    "path": "",
    "id": "d41d8cd98f00b204e9800998ecf8427e",
    "groups": [],
    "checks": [
        {
          "fails": 0,
          "name": "health status 200",
          "path": "::health status 200",
          "id": "54cc6b20b1977b24d2246b3d411f7567",
          "passes": 29
        },
        {
          "name": "health responds quickly",
          "path": "::health responds quickly",
          "id": "a279eec550f4b51130ab4a110435519f",
          "passes": 29,
          "fails": 0
        },
        {
          "name": "users status 200",
          "path": "::users status 200",
          "id": "69dba856e21c068d3d0c05ccd2447533",
          "passes": 29,
          "fails": 0
        },
        {
          "path": "::users has array",
          "id": "a250e6fd1ffdd6b9927fd2554c54f522",
          "passes": 29,
          "fails": 0,
          "name": "users has array"
        },
        {
          "passes": 29,
          "fails": 0,
          "name": "users responds within 2s",
          "path": "::users responds within 2s",
          "id": "d9344ae9bc8bba9a2a6fb87e77b9a44e"
        },
        {
          "fails": 0,
          "name": "login status 200",
          "path": "::login status 200",
          "id": "a9f04e9f501317c68a9f824e04811bea",
          "passes": 29
        },
        {
          "path": "::login has token",
          "id": "76fad3378234b1d9b3859991679a6c46",
          "passes": 29,
          "fails": 0,
          "name": "login has token"
        }
      ],
    "name": ""
  },
  "options": {
    "summaryTrendStats": [
      "avg",
      "min",
      "med",
      "max",
      "p(90)",
      "p(95)"
    ],
    "summaryTimeUnit": "",
    "noColor": false
  }
}